Nama_Produk,Harga_Produk,Penjual,Kota_Toko,Banyaknya_Terjual,Rating_Produk
 Kylafood Seblak karuhun,Rp11.880,,,4 rb+ terjual,4.8
Kylafood Seblak Mie Baso Sapi Play,Rp24.200,,,250+ terjual,4.9
Kylafood Mix Fav Selebgram Seblak Original & Batagor kuah,Rp44.340,,,100+ terjual,4.8
Kylafood Seblak Original,Rp15.750,kylafood,Bandung,10rb+ terjual,4.9
Geli Food Seblak Ceker Tanpa Tulang Super Pedas 180gr,Rp24.000,Lidigeli,Kab. Garut,100+ terjual,4.8
Seblak Rafael/Seblak Coet Instan Halal,Rp26.600,Foodstocks,Jakarta Selatan,60+ terjual,5.0
Seblak Instan Kenyang Murah Asli Bandung Reseller Tanpa Pengawet - Original,Rp7.138,Berkah Food Bandung,Cimahi,7rb+ terjual,4.9
SEBLAK INSTAN MOMMY,Rp13.900,Rav Jaya Display,Kab. Tangerang,1rb+ terjual,4.8
"Seblak Rafael, Seblak Coet Instan Halal",Rp23.750,Brother Meat Shop,Depok,500+ terjual,4.9
SEBLAK INSTANT TERMURAH,Rp4.450,Pusat Cuankie & Cemilan Frozen,Jakarta Timur,10rb+ terjual,4.8
Seblak Instan Pedas Home Made,Rp3.500,the Dhecip,Tangerang Selatan,3rb+ terjual,4.9
Cuanki Lidah Topping Baso Aci Seblak Isi 50 Biji,Rp13.000,Pedas Gilaa,Surabaya,60+ terjual,4.9
Kylafood Seblak Rempah Autentik,Rp10.000,Kylafood Jakarta,Jakarta Selatan,100+ terjual,5.0
"Seblak Rafael, Seblak Coet Instan Halal",Rp23.750,Brother Meat Shop,Depok,500+ terjual,4.9
Seblak Rafael/Seblak Coet Instan Halal,Rp26.600,Foodstocks,Jakarta Selatan,60+ terjual,5.0
Seblak Instan Pedas Home Made,Rp3.500,the Dhecip,Tangerang Selatan,3rb+ terjual,4.9
SEBLAK INSTANT TERMURAH,Rp4.450,Pusat Cuankie & Cemilan Frozen,Jakarta Timur,10rb+ terjual,4.8
"Kylafood Seblak Rempah Autentik 115gr, Seblak Instan Halal",Rp9.900,Brother Meat Shop,Depok,100+ terjual,5.0
KERUPUK SEBLAK PEDAS / KRUPUK SEBLAK KERING DAUN JERUK PEDES,Rp25.000,LEGIT SNACK,Jakarta Barat,70+ terjual,4.9
Kerupuk Seblak / Seblak / Kering Pedas /,Rp10.000,Anggris store,Kab. Bogor,50+ terjual,4.8
"seblak kering pedas 250 gr/seblak kencur/kerupuk seblak,enak dan gurih",Rp9.999,aghniya,Tangerang Selatan,500+ terjual,4.8
SEBRING KRUPUK KERUPUK SEBLAK KERING PEDAS DAUN JERUK 1KG CABE ASLI,Rp16.000,Aydaa Snack,Surakarta,100+ terjual,4.9
Kerupuk Seblak Kering Putih Ngembang Khas Keripik Pojok Riki Mang Odod,Rp13.999,Keripik Edun Bandung,Kab. Bandung,30+ terjual,5.0
"Seblak Rafael, Seblak Coet Instan Halal",Rp23.750,Brother Meat Shop,Depok,500+ terjual,4.9
Seblak Rafael/Seblak Coet Instan Halal,Rp26.600,Foodstocks,Jakarta Selatan,60+ terjual,5.0
Seblak RAFAEL | Seblak MAMANG RAFAEL | Seblak Viral ORIGINAL TATANGGA,Rp39.500,Beauty DELUXE,Jakarta Barat,40+ terjual,4.9
Kerupuk SEBLAK MAWAR Rafael - Cikruh Daun Jeruk,Rp20.000,KRIUK JAYA,Jakarta Barat,40+ terjual,4.9
Gelifood Seblak Instan Kerupuk Mawar Bumbu Kencur Rafael Pedas Gurih,Rp15.000,Lidigeli,Kab. Garut,250+ terjual,4.8
"Seblak Rafael, Seblak Coet Instan Halal",Rp23.750,Brother Meat Shop,Depok,500+ terjual,4.9
Seblak Rafael/Seblak Coet Instan Halal,Rp26.600,Foodstocks,Jakarta Selatan,60+ terjual,5.0
SEBLAK INSTANT TERMURAH,Rp4.450,Pusat Cuankie & Cemilan Frozen,Jakarta Timur,10rb+ terjual,4.8
Seblak Instan Pedas Home Made,Rp3.500,the Dhecip,Tangerang Selatan,3rb+ terjual,4.9
"Kylafood Seblak Rempah Autentik 115gr, Seblak Instan Halal",Rp9.900,Brother Meat Shop,Depok,100+ terjual,5.0
[250 gr] Kerupuk Seblak Pedas,Rp11.500,CamilanJati,Kab. Sidoarjo,50+ terjual,5.0
Gelifood Seblak Instan Kerupuk Mawar Bumbu Kencur Rafael Pedas Gurih,Rp15.000,Lidigeli,Kab. Garut,250+ terjual,4.8
Geli Food Seblak Ceker Tanpa Tulang Super Pedas 180gr,Rp24.000,Lidigeli,Kab. Garut,100+ terjual,4.8
Seblak Instan Komplit Pedas Gurih Nikmat,Rp5.999,Baso Aci Ayang,Kab. Garut,3rb+ terjual,4.9
Seblak Instan Pedas Home Made,Rp3.500,the Dhecip,Tangerang Selatan,3rb+ terjual,4.9
Bumbu Seblak 200 g Dengan Kerupuk,Rp34.980,MSH Rempah,Jakarta Selatan,80+ terjual,5.0
cuanki pangsit segitiga atau cipet isi 40 pcs toping seblak baso aci,Rp13.999,CUANKI CULAMETAN,Kab. Garut,100+ terjual,4.8
Pasar Keripik Kerupuk Seblak Mawar Mini Pedas size Besar,Rp28.500,Pasar Keripik Bandung,Bandung,21 terjual,5.0
Seblak Merah Pedas / Kerupuk Bawang Oleh Oleh Bandung Odjolali,Rp9.000,The Little Snacks,Tangerang Selatan,500+ terjual,4.9
Kerupuk Seblak Jeruk,Rp14.000,oke snack,Jakarta Selatan,250+ terjual,4.9
Seblak Instan Kenyang Murah Asli Bandung Reseller Tanpa Pengawet,Rp7.138,Berkah Food Bandung,Cimahi,7rb+ terjual,4.9
Seblak Koko Instan Non MSG HALAL MUI CEMILAN ENAK KUAH (POUCH),Rp22.000,Ayyabina & Hijab Alila,Jakarta Barat,30+ terjual,4.8
BASO ACI HOMEMADE boci isi 6 baso aci tulang rangu seblak Boci sehot,Rp3.800,NomeL Shop,Surabaya,100+ terjual,4.4
10 BUNGKUS SEBLAK COBEK ALA RAFAEL,Rp55.000,global cookware1,Jakarta Barat,9 terjual,5.0
seblak instan KSN frozen,Rp10.600,Pelangi Girls Naget 2,Depok,100+ terjual,5.0
"Seblak Rafael, Seblak Coet Instan Halal",Rp23.750,Brother Meat Shop,Depok,500+ terjual,4.9
Seblak Rafael/Seblak Coet Instan Halal,Rp26.600,Foodstocks,Jakarta Selatan,60+ terjual,5.0
Seblak Instan Pedas Home Made,Rp3.500,the Dhecip,Tangerang Selatan,3rb+ terjual,4.9
SEBLAK INSTANT TERMURAH,Rp4.450,Pusat Cuankie & Cemilan Frozen,Jakarta Timur,10rb+ terjual,4.8
"Kylafood Seblak Rempah Autentik 115gr, Seblak Instan Halal",Rp9.900,Brother Meat Shop,Depok,100+ terjual,5.0
KERUPUK SEBLAK PEDAS / KRUPUK SEBLAK KERING DAUN JERUK PEDES,Rp25.000,LEGIT SNACK,Jakarta Barat,70+ terjual,4.9
Kerupuk Seblak / Seblak / Kering Pedas /,Rp10.000,Anggris store,Kab. Bogor,50+ terjual,4.8
"seblak kering pedas 250 gr/seblak kencur/kerupuk seblak,enak dan gurih",Rp9.999,aghniya,Tangerang Selatan,500+ terjual,4.8
SEBRING KRUPUK KERUPUK SEBLAK KERING PEDAS DAUN JERUK 1KG CABE ASLI,Rp16.000,Aydaa Snack,Surakarta,100+ terjual,4.9
Kerupuk Seblak Kering Putih Ngembang Khas Keripik Pojok Riki Mang Odod,Rp13.999,Keripik Edun Bandung,Kab. Bandung,30+ terjual,5.0
"Seblak Rafael, Seblak Coet Instan Halal",Rp23.750,Brother Meat Shop,Depok,500+ terjual,4.9
Seblak Rafael/Seblak Coet Instan Halal,Rp26.600,Foodstocks,Jakarta Selatan,60+ terjual,5.0
Seblak RAFAEL | Seblak MAMANG RAFAEL | Seblak Viral ORIGINAL TATANGGA,Rp39.500,Beauty DELUXE,Jakarta Barat,40+ terjual,4.9
Kerupuk SEBLAK MAWAR Rafael - Cikruh Daun Jeruk,Rp20.000,KRIUK JAYA,Jakarta Barat,40+ terjual,4.9
Gelifood Seblak Instan Kerupuk Mawar Bumbu Kencur Rafael Pedas Gurih,Rp15.000,Lidigeli,Kab. Garut,250+ terjual,4.8
"Seblak Rafael, Seblak Coet Instan Halal",Rp23.750,Brother Meat Shop,Depok,500+ terjual,4.9
Seblak Rafael/Seblak Coet Instan Halal,Rp26.600,Foodstocks,Jakarta Selatan,60+ terjual,5.0
SEBLAK INSTANT TERMURAH,Rp4.450,Pusat Cuankie & Cemilan Frozen,Jakarta Timur,10rb+ terjual,4.8
Seblak Instan Pedas Home Made,Rp3.500,the Dhecip,Tangerang Selatan,3rb+ terjual,4.9
"Kylafood Seblak Rempah Autentik 115gr, Seblak Instan Halal",Rp9.900,Brother Meat Shop,Depok,100+ terjual,5.0
[250 gr] Kerupuk Seblak Pedas,Rp11.500,CamilanJati,Kab. Sidoarjo,50+ terjual,5.0
Gelifood Seblak Instan Kerupuk Mawar Bumbu Kencur Rafael Pedas Gurih,Rp15.000,Lidigeli,Kab. Garut,250+ terjual,4.8
Geli Food Seblak Ceker Tanpa Tulang Super Pedas 180gr,Rp24.000,Lidigeli,Kab. Garut,100+ terjual,4.8
Seblak Instan Komplit Pedas Gurih Nikmat,Rp5.999,Baso Aci Ayang,Kab. Garut,3rb+ terjual,4.9
Seblak Instan Pedas Home Made,Rp3.500,the Dhecip,Tangerang Selatan,3rb+ terjual,4.9
Seblak Instan Sehati,Rp13.000,,,500+ terjual,
Seblak Koin,Rp17.500,,,500+ terjual,
"Kerupuk Seblak Pedas 100 Gram, Kerupuk Seblak Daun Jeruk Gurih Renyah",Rp22.688,Nion.Nion_Official,Tangerang Selatan,24 terjual,4.3
Soun Seblak Geprek SAMI RAOS Khas Garut - Soun Seblak,Rp18.900,Foodstocks,Jakarta Selatan,50+ terjual,4.9
KERUPUK SEBLAK ORIGINAL Helda's Snack Ori Khas Bandung,Rp22.000,Helda's Snack,Bekasi,28 terjual,5.0
Seblak Tulang Rawan k.y.l Kylafood (Spesial Panen Telur),Rp24.225,kylafood,Bandung,50+ terjual,5.0
KERUPUK SEBLAK PEDAS DAUN JERUK / KRUPUK SEBLAK KERING / SEBLAK PEDES,Rp25.000,Innes Oleh Oleh,Jakarta Barat,2 terjual,
YIMS seblak instant pedas napol termurah khas garut kerupuk seblak teh,Rp5.500,Yimshop,Semarang,250+ terjual,4.7
SIOMAY KUNCUP KERING ISI 20 PCS BASO ACI/BOCI/SEBLAK/CUANKI,Rp6.999,ArfaOnlineShop,Tangerang,100+ terjual,4.9
Seblak Instan Carla 100gr,Rp14.000,3Key Frozen,Tangerang,30+ terjual,5.0
Seblak ala Kang Rafael | Seblak Viral | Seblak Cobek,Rp9.916,vieka mart official,Tangerang Selatan,500+ terjual,4.9
Pilus Cikur Topping Baso Aci / Seblak,Rp11.500,Pusat Cuankie & Cemilan Frozen,Jakarta Timur,250+ terjual,4.8
"Seblak Rafael, Seblak Coet Instan Halal",Rp23.750,Brother Meat Shop,Depok,500+ terjual,4.9
Seblak Rafael/Seblak Coet Instan Halal,Rp26.600,Foodstocks,Jakarta Selatan,60+ terjual,5.0
Seblak Instan Pedas Home Made,Rp3.500,the Dhecip,Tangerang Selatan,3rb+ terjual,4.9
SEBLAK INSTANT TERMURAH,Rp4.450,Pusat Cuankie & Cemilan Frozen,Jakarta Timur,10rb+ terjual,4.8
"Kylafood Seblak Rempah Autentik 115gr, Seblak Instan Halal",Rp9.900,Brother Meat Shop,Depok,100+ terjual,5.0
KERUPUK SEBLAK PEDAS / KRUPUK SEBLAK KERING DAUN JERUK PEDES,Rp25.000,LEGIT SNACK,Jakarta Barat,70+ terjual,4.9
Kerupuk Seblak / Seblak / Kering Pedas /,Rp10.000,Anggris store,Kab. Bogor,50+ terjual,4.8
"seblak kering pedas 250 gr/seblak kencur/kerupuk seblak,enak dan gurih",Rp9.999,aghniya,Tangerang Selatan,500+ terjual,4.8
SEBRING KRUPUK KERUPUK SEBLAK KERING PEDAS DAUN JERUK 1KG CABE ASLI,Rp16.000,Aydaa Snack,Surakarta,100+ terjual,4.9
Kerupuk Seblak Kering Putih Ngembang Khas Keripik Pojok Riki Mang Odod,Rp13.999,Keripik Edun Bandung,Kab. Bandung,30+ terjual,5.0
"Seblak Rafael, Seblak Coet Instan Halal",Rp23.750,Brother Meat Shop,Depok,500+ terjual,4.9
Seblak Rafael/Seblak Coet Instan Halal,Rp26.600,Foodstocks,Jakarta Selatan,60+ terjual,5.0
Seblak RAFAEL | Seblak MAMANG RAFAEL | Seblak Viral ORIGINAL TATANGGA,Rp39.500,Beauty DELUXE,Jakarta Barat,40+ terjual,4.9
Kerupuk SEBLAK MAWAR Rafael - Cikruh Daun Jeruk,Rp20.000,KRIUK JAYA,Jakarta Barat,40+ terjual,4.9
Gelifood Seblak Instan Kerupuk Mawar Bumbu Kencur Rafael Pedas Gurih,Rp15.000,Lidigeli,Kab. Garut,250+ terjual,4.8
"Seblak Rafael, Seblak Coet Instan Halal",Rp23.750,Brother Meat Shop,Depok,500+ terjual,4.9
Seblak Rafael/Seblak Coet Instan Halal,Rp26.600,Foodstocks,Jakarta Selatan,60+ terjual,5.0
SEBLAK INSTANT TERMURAH,Rp4.450,Pusat Cuankie & Cemilan Frozen,Jakarta Timur,10rb+ terjual,4.8
Seblak Instan Pedas Home Made,Rp3.500,the Dhecip,Tangerang Selatan,3rb+ terjual,4.9
"Kylafood Seblak Rempah Autentik 115gr, Seblak Instan Halal",Rp9.900,Brother Meat Shop,Depok,100+ terjual,5.0
[250 gr] Kerupuk Seblak Pedas,Rp11.500,CamilanJati,Kab. Sidoarjo,50+ terjual,5.0
Gelifood Seblak Instan Kerupuk Mawar Bumbu Kencur Rafael Pedas Gurih,Rp15.000,Lidigeli,Kab. Garut,250+ terjual,4.8
Geli Food Seblak Ceker Tanpa Tulang Super Pedas 180gr,Rp24.000,Lidigeli,Kab. Garut,100+ terjual,4.8
Seblak Instan Komplit Pedas Gurih Nikmat,Rp5.999,Baso Aci Ayang,Kab. Garut,3rb+ terjual,4.9
Seblak Instan Pedas Home Made,Rp3.500,the Dhecip,Tangerang Selatan,3rb+ terjual,4.9
kerupuk seblak pedas 1/4 kg / kerupuk seblak ¼,Rp12.900,,,100+ terjual,
kerupuk seblak pedas 1/2 kg / kerupuk seblak ½,Rp20.482,,,100+ terjual,
kerupuk seblak pedas 1 kg / kerupuk seblak,Rp35.625,,,100+ terjual,
cuanki tahu pasung isi 50 murah batagor kering toping seblak baso aci,Rp12.500,CuankiCulametan,Kab. Garut,250+ terjual,4.9
seblak instan mie bakso om brewok,Rp16.000,Muysproduct,Kab. Bogor,5 terjual,5.0
cuanki tahu panjang stik isi 50 toping seblak baso aci,Rp13.000,CuankiCulametan,Kab. Garut,90+ terjual,5.0
Seblak Pedas Kicimpring Iyagasih,Rp15.000,Gerai Singawada,Kab. Majalengka,8 terjual,5.0
Cuanki tahu panjang stik isi 150 pcs toping seblak baso aci,Rp32.000,CuankiCulametan,Kab. Garut,40+ terjual,4.9
Sebring seblak Rafael bumb pedas gurih daun jeruk 80gr,Rp4.951,Grosir Putra Bdg,Kab. Bandung,30+ terjual,4.8
Seblak Bandung Jawara Pedas,Rp28.000,AkagamiShanks40,Jakarta Pusat,6 terjual,5.0
KERUPUK SEBLAK Aneka Warna PEDAS ... HOT,Rp14.000,KRIUK JAYA,Jakarta Barat,100+ terjual,4.8
Muria Snack Seblak Stick Cabe Merah x 10pcs (Bisa Same Day Delivery),Rp55.000,Merbabu Food,Tangerang Selatan,10 terjual,5.0
Seblak Putih Pedas / Kerupuk Bawang Pedas Odjolali Oleh Oleh Bsndung,Rp9.000,The Little Snacks,Tangerang Selatan,1rb+ terjual,4.9
"Seblak Rafael, Seblak Coet Instan Halal",Rp23.750,Brother Meat Shop,Depok,500+ terjual,4.9
Seblak Rafael/Seblak Coet Instan Halal,Rp26.600,Foodstocks,Jakarta Selatan,60+ terjual,5.0
Seblak Instan Pedas Home Made,Rp3.500,the Dhecip,Tangerang Selatan,3rb+ terjual,4.9
SEBLAK INSTANT TERMURAH,Rp4.450,Pusat Cuankie & Cemilan Frozen,Jakarta Timur,10rb+ terjual,4.8
"Kylafood Seblak Rempah Autentik 115gr, Seblak Instan Halal",Rp9.900,Brother Meat Shop,Depok,100+ terjual,5.0
KERUPUK SEBLAK PEDAS / KRUPUK SEBLAK KERING DAUN JERUK PEDES,Rp25.000,LEGIT SNACK,Jakarta Barat,70+ terjual,4.9
Kerupuk Seblak / Seblak / Kering Pedas /,Rp10.000,Anggris store,Kab. Bogor,50+ terjual,4.8
"seblak kering pedas 250 gr/seblak kencur/kerupuk seblak,enak dan gurih",Rp9.999,aghniya,Tangerang Selatan,500+ terjual,4.8
SEBRING KRUPUK KERUPUK SEBLAK KERING PEDAS DAUN JERUK 1KG CABE ASLI,Rp16.000,Aydaa Snack,Surakarta,100+ terjual,4.9
Kerupuk Seblak Kering Putih Ngembang Khas Keripik Pojok Riki Mang Odod,Rp13.999,Keripik Edun Bandung,Kab. Bandung,30+ terjual,5.0
"Seblak Rafael, Seblak Coet Instan Halal",Rp23.750,Brother Meat Shop,Depok,500+ terjual,4.9
Seblak Rafael/Seblak Coet Instan Halal,Rp26.600,Foodstocks,Jakarta Selatan,60+ terjual,5.0
Seblak RAFAEL | Seblak MAMANG RAFAEL | Seblak Viral ORIGINAL TATANGGA,Rp39.500,Beauty DELUXE,Jakarta Barat,40+ terjual,4.9
Kerupuk SEBLAK MAWAR Rafael - Cikruh Daun Jeruk,Rp20.000,KRIUK JAYA,Jakarta Barat,40+ terjual,4.9
Gelifood Seblak Instan Kerupuk Mawar Bumbu Kencur Rafael Pedas Gurih,Rp15.000,Lidigeli,Kab. Garut,250+ terjual,4.8
"Seblak Rafael, Seblak Coet Instan Halal",Rp23.750,Brother Meat Shop,Depok,500+ terjual,4.9
Seblak Rafael/Seblak Coet Instan Halal,Rp26.600,Foodstocks,Jakarta Selatan,60+ terjual,5.0
SEBLAK INSTANT TERMURAH,Rp4.450,Pusat Cuankie & Cemilan Frozen,Jakarta Timur,10rb+ terjual,4.8
Seblak Instan Pedas Home Made,Rp3.500,the Dhecip,Tangerang Selatan,3rb+ terjual,4.9
"Kylafood Seblak Rempah Autentik 115gr, Seblak Instan Halal",Rp9.900,Brother Meat Shop,Depok,100+ terjual,5.0
[250 gr] Kerupuk Seblak Pedas,Rp11.500,CamilanJati,Kab. Sidoarjo,50+ terjual,5.0
Gelifood Seblak Instan Kerupuk Mawar Bumbu Kencur Rafael Pedas Gurih,Rp15.000,Lidigeli,Kab. Garut,250+ terjual,4.8
Geli Food Seblak Ceker Tanpa Tulang Super Pedas 180gr,Rp24.000,Lidigeli,Kab. Garut,100+ terjual,4.8
Seblak Instan Komplit Pedas Gurih Nikmat,Rp5.999,Baso Aci Ayang,Kab. Garut,3rb+ terjual,4.9
Seblak Instan Pedas Home Made,Rp3.500,the Dhecip,Tangerang Selatan,3rb+ terjual,4.9
Baso Aci Instan Culametan khas Garut ( isi 6 ),Rp4.500,,,3 rb+ terjual,4.8
Baso Aci Instan Culametan khas Garut (isi 12),Rp5.999,,,2 rb+ terjual,4.9
Baso Aci Instan Culametan khas Garut,Rp5.799,,,3 rb+ terjual,4.8
Peyek Lin's,Rp7.500,Pisang Goreng Madu Bu Nanik,Jakarta Barat,4rb+ terjual,4.8
Geli Chips - Basreng Spicy Pedas Gurih Daun Jeruk (Bakso Goreng) 65gr,Rp10.200,Foodstocks,Jakarta Selatan,100+ terjual,5.0
Stick / stik otak-otak Bu Nanik,Rp10.000,Pisang Goreng Madu Bu Nanik,Jakarta Barat,750+ terjual,4.7
Baso Urat Sami Raos Sambal Goang Asli Bakso Daging Kombinasi,Rp26.040,Foodstocks,Jakarta Selatan,250+ terjual,4.9
Peyek Bayam Tridara Snack,Rp16.500,Pisang Goreng Madu Bu Nanik,Jakarta Barat,500+ terjual,4.7
MAKARONI bantet 70gr krupuk SEBLAK krupuk UDANG KERUPUK BANTET,Rp2.600,NomeL Shop,Surabaya,500+ terjual,4.8
Cuankie Tahu Segitiga Topping Baso Aci / Seblak,Rp2.500,Pusat Cuankie & Cemilan Frozen,Jakarta Timur,3rb+ terjual,4.8
CUANKIE SIOMAY ISI 50 TOPPING BASO ACI / SEBLAK,Rp18.000,Pusat Cuankie & Cemilan Frozen,Jakarta Timur,30+ terjual,4.5
Seblak instan Pedess bandung,Rp5.500,Ezeccle shop,Jakarta Barat,100+ terjual,
"seblak ceker 1 kg pedas daun jeruk, gurih,cemilan bikin nagih",Rp35.999,aghniya,Tangerang Selatan,50+ terjual,5.0
"Seblak Rafael, Seblak Coet Instan Halal",Rp23.750,Brother Meat Shop,Depok,500+ terjual,4.9
Seblak Rafael/Seblak Coet Instan Halal,Rp26.600,Foodstocks,Jakarta Selatan,60+ terjual,5.0
Seblak Instan Pedas Home Made,Rp3.500,the Dhecip,Tangerang Selatan,3rb+ terjual,4.9
SEBLAK INSTANT TERMURAH,Rp4.450,Pusat Cuankie & Cemilan Frozen,Jakarta Timur,10rb+ terjual,4.8
"Kylafood Seblak Rempah Autentik 115gr, Seblak Instan Halal",Rp9.900,Brother Meat Shop,Depok,100+ terjual,5.0
KERUPUK SEBLAK PEDAS / KRUPUK SEBLAK KERING DAUN JERUK PEDES,Rp25.000,LEGIT SNACK,Jakarta Barat,70+ terjual,4.9
Kerupuk Seblak / Seblak / Kering Pedas /,Rp10.000,Anggris store,Kab. Bogor,50+ terjual,4.8
"seblak kering pedas 250 gr/seblak kencur/kerupuk seblak,enak dan gurih",Rp9.999,aghniya,Tangerang Selatan,500+ terjual,4.8
SEBRING KRUPUK KERUPUK SEBLAK KERING PEDAS DAUN JERUK 1KG CABE ASLI,Rp16.000,Aydaa Snack,Surakarta,100+ terjual,4.9
Kerupuk Seblak Kering Putih Ngembang Khas Keripik Pojok Riki Mang Odod,Rp13.999,Keripik Edun Bandung,Kab. Bandung,30+ terjual,5.0
"Seblak Rafael, Seblak Coet Instan Halal",Rp23.750,Brother Meat Shop,Depok,500+ terjual,4.9
Seblak Rafael/Seblak Coet Instan Halal,Rp26.600,Foodstocks,Jakarta Selatan,60+ terjual,5.0
Seblak RAFAEL | Seblak MAMANG RAFAEL | Seblak Viral ORIGINAL TATANGGA,Rp39.500,Beauty DELUXE,Jakarta Barat,40+ terjual,4.9
Kerupuk SEBLAK MAWAR Rafael - Cikruh Daun Jeruk,Rp20.000,KRIUK JAYA,Jakarta Barat,40+ terjual,4.9
Gelifood Seblak Instan Kerupuk Mawar Bumbu Kencur Rafael Pedas Gurih,Rp15.000,Lidigeli,Kab. Garut,250+ terjual,4.8
"Seblak Rafael, Seblak Coet Instan Halal",Rp23.750,Brother Meat Shop,Depok,500+ terjual,4.9
Seblak Rafael/Seblak Coet Instan Halal,Rp26.600,Foodstocks,Jakarta Selatan,60+ terjual,5.0
SEBLAK INSTANT TERMURAH,Rp4.450,Pusat Cuankie & Cemilan Frozen,Jakarta Timur,10rb+ terjual,4.8
Seblak Instan Pedas Home Made,Rp3.500,the Dhecip,Tangerang Selatan,3rb+ terjual,4.9
"Kylafood Seblak Rempah Autentik 115gr, Seblak Instan Halal",Rp9.900,Brother Meat Shop,Depok,100+ terjual,5.0
[250 gr] Kerupuk Seblak Pedas,Rp11.500,CamilanJati,Kab. Sidoarjo,50+ terjual,5.0
Gelifood Seblak Instan Kerupuk Mawar Bumbu Kencur Rafael Pedas Gurih,Rp15.000,Lidigeli,Kab. Garut,250+ terjual,4.8
Geli Food Seblak Ceker Tanpa Tulang Super Pedas 180gr,Rp24.000,Lidigeli,Kab. Garut,100+ terjual,4.8
Seblak Instan Komplit Pedas Gurih Nikmat,Rp5.999,Baso Aci Ayang,Kab. Garut,3rb+ terjual,4.9
Seblak Instan Pedas Home Made,Rp3.500,the Dhecip,Tangerang Selatan,3rb+ terjual,4.9
 Kylafood Seblak karuhun,Rp11.880,,,4 rb+ terjual,4.8
Kylafood Seblak Mie Baso,Rp24.200,,,4 rb+ terjual,4.9
Kylafood Seblak Mie Baso Sapi Play,Rp24.200,,,250+ terjual,4.9
Keripik Ubi Ungu Sari Roso,Rp26.000,Pisang Goreng Madu Bu Nanik,Jakarta Barat,250+ terjual,5.0
BASRENG MENTAH 25pcs Kemasan Vacuum Bahan Keripik Seblak Viral,Rp19.399,gaiagarut,Kab. Garut,1 terjual,5.0
seblak kencur / okesnack,Rp10.000,oke snack,Jakarta Selatan,750+ terjual,4.9
Maicih Seblak 80gr,Rp39.900,warung Lutfhi,Jakarta Barat,2 terjual,
seblak crispy,Rp13.000,HaRoZaDaZaSa store,Depok,40+ terjual,4.4
Paket seblak bakso untuk 3 porsi,Rp29.000,Tukangsayurmbakyu,Tangerang Selatan,30+ terjual,5.0
BELI 3 SEBLAK FREE 1 KEJU AROMA,Rp64.000,Sajodo Snack & Food,Tasikmalaya,30+ terjual,5.0
Gurilem Siomay Mini Kering 1KG Toping Seblak Baso Aci BISA COD,Rp49.680,Onesupp Acc,Jakarta Barat,7 terjual,5.0
Seblak Instant Pedas Cadas Mantab,Rp15.000,Bianzi Food,Jakarta Selatan,50+ terjual,5.0
paket jualan baso aci mix seblak 11pcs,Rp40.999,TigoSadulur,Kab. Tangerang,2 terjual,5.0
"Seblak Rafael, Seblak Coet Instan Halal",Rp23.750,Brother Meat Shop,Depok,500+ terjual,4.9
Seblak Rafael/Seblak Coet Instan Halal,Rp26.600,Foodstocks,Jakarta Selatan,60+ terjual,5.0
Seblak Instan Pedas Home Made,Rp3.500,the Dhecip,Tangerang Selatan,3rb+ terjual,4.9
SEBLAK INSTANT TERMURAH,Rp4.450,Pusat Cuankie & Cemilan Frozen,Jakarta Timur,10rb+ terjual,4.8
"Kylafood Seblak Rempah Autentik 115gr, Seblak Instan Halal",Rp9.900,Brother Meat Shop,Depok,100+ terjual,5.0
KERUPUK SEBLAK PEDAS / KRUPUK SEBLAK KERING DAUN JERUK PEDES,Rp25.000,LEGIT SNACK,Jakarta Barat,70+ terjual,4.9
Kerupuk Seblak / Seblak / Kering Pedas /,Rp10.000,Anggris store,Kab. Bogor,50+ terjual,4.8
"seblak kering pedas 250 gr/seblak kencur/kerupuk seblak,enak dan gurih",Rp9.999,aghniya,Tangerang Selatan,500+ terjual,4.8
SEBRING KRUPUK KERUPUK SEBLAK KERING PEDAS DAUN JERUK 1KG CABE ASLI,Rp16.000,Aydaa Snack,Surakarta,100+ terjual,4.9
Kerupuk Seblak Kering Putih Ngembang Khas Keripik Pojok Riki Mang Odod,Rp13.999,Keripik Edun Bandung,Kab. Bandung,30+ terjual,5.0
"Seblak Rafael, Seblak Coet Instan Halal",Rp23.750,Brother Meat Shop,Depok,500+ terjual,4.9
Seblak Rafael/Seblak Coet Instan Halal,Rp26.600,Foodstocks,Jakarta Selatan,60+ terjual,5.0
Seblak RAFAEL | Seblak MAMANG RAFAEL | Seblak Viral ORIGINAL TATANGGA,Rp39.500,Beauty DELUXE,Jakarta Barat,40+ terjual,4.9
Kerupuk SEBLAK MAWAR Rafael - Cikruh Daun Jeruk,Rp20.000,KRIUK JAYA,Jakarta Barat,40+ terjual,4.9
Gelifood Seblak Instan Kerupuk Mawar Bumbu Kencur Rafael Pedas Gurih,Rp15.000,Lidigeli,Kab. Garut,250+ terjual,4.8
"Seblak Rafael, Seblak Coet Instan Halal",Rp23.750,Brother Meat Shop,Depok,500+ terjual,4.9
Seblak Rafael/Seblak Coet Instan Halal,Rp26.600,Foodstocks,Jakarta Selatan,60+ terjual,5.0
SEBLAK INSTANT TERMURAH,Rp4.450,Pusat Cuankie & Cemilan Frozen,Jakarta Timur,10rb+ terjual,4.8
Seblak Instan Pedas Home Made,Rp3.500,the Dhecip,Tangerang Selatan,3rb+ terjual,4.9
"Kylafood Seblak Rempah Autentik 115gr, Seblak Instan Halal",Rp9.900,Brother Meat Shop,Depok,100+ terjual,5.0
[250 gr] Kerupuk Seblak Pedas,Rp11.500,CamilanJati,Kab. Sidoarjo,50+ terjual,5.0
Gelifood Seblak Instan Kerupuk Mawar Bumbu Kencur Rafael Pedas Gurih,Rp15.000,Lidigeli,Kab. Garut,250+ terjual,4.8
Geli Food Seblak Ceker Tanpa Tulang Super Pedas 180gr,Rp24.000,Lidigeli,Kab. Garut,100+ terjual,4.8
Seblak Instan Komplit Pedas Gurih Nikmat,Rp5.999,Baso Aci Ayang,Kab. Garut,3rb+ terjual,4.9
Seblak Instan Pedas Home Made,Rp3.500,the Dhecip,Tangerang Selatan,3rb+ terjual,4.9
siomay mini kering 1kg / gurilem toping seblak baso aci cuanki,Rp25.500,,,100+ terjual,4.9
Sukro cikur pilus kencur sari rasa 250 gram toping seblak baso aci,Rp8.500,,,100+ terjual,4.9
siomay kering besar murah 50 pcs toping seblak baso aci cuanki,Rp12.999,,,100+ terjual,4.9
Baso Aci Instan Culametan khas Garut (isi 12),Rp5.999,CUANKI CULAMETAN,Kab. Garut,2rb+ terjual,4.9
Basreng Sangarrr,Rp18.900,The Little Snacks,Tangerang Selatan,3rb+ terjual,4.8
Gurilem Pedas,Rp18.500,Bite and Munch,Bandung,100+ terjual,4.8
Gurilem Sangarrr,Rp13.000,The Little Snacks,Tangerang Selatan,1rb+ terjual,4.8
LepLep - Basreng,Rp9.000,101_Project,Tangerang,250+ terjual,4.8
Kerupuk mawar putih 1kg / kerupuk ikan/kerupuk seblak viral,Rp25.000,Semesta kerupuk,Tangerang Selatan,60+ terjual,4.9
Kerupuk Seblak Merah 1 Kg,Rp25.200,KedaiMart Official Store,Tangerang,26 terjual,5.0
Seblak Ceker pedas ( 1 pak isi 20 pcs 200g ),Rp9.000,Eve'O'Mall,Kab. Tangerang,2 terjual,5.0
Pilus Cikur / Toping Baso Aci Seblak - 250gram,Rp9.000,TOKO BILQIS OFFICIAL STORE,Kab. Jombang,11 terjual,5.0
cuanki pangsit segitiga atau cipet isi 40 pcs toping seblak baso aci,Rp13.999,CUANKI CULAMETAN,Kab. Garut,100+ terjual,4.8
"Seblak Rafael, Seblak Coet Instan Halal",Rp23.750,Brother Meat Shop,Depok,500+ terjual,4.9
Seblak Rafael/Seblak Coet Instan Halal,Rp26.600,Foodstocks,Jakarta Selatan,60+ terjual,5.0
Seblak Instan Pedas Home Made,Rp3.500,the Dhecip,Tangerang Selatan,3rb+ terjual,4.9
SEBLAK INSTANT TERMURAH,Rp4.450,Pusat Cuankie & Cemilan Frozen,Jakarta Timur,10rb+ terjual,4.8
"Kylafood Seblak Rempah Autentik 115gr, Seblak Instan Halal",Rp9.900,Brother Meat Shop,Depok,100+ terjual,5.0
KERUPUK SEBLAK PEDAS / KRUPUK SEBLAK KERING DAUN JERUK PEDES,Rp25.000,LEGIT SNACK,Jakarta Barat,70+ terjual,4.9
Kerupuk Seblak / Seblak / Kering Pedas /,Rp10.000,Anggris store,Kab. Bogor,50+ terjual,4.8
"seblak kering pedas 250 gr/seblak kencur/kerupuk seblak,enak dan gurih",Rp9.999,aghniya,Tangerang Selatan,500+ terjual,4.8
SEBRING KRUPUK KERUPUK SEBLAK KERING PEDAS DAUN JERUK 1KG CABE ASLI,Rp16.000,Aydaa Snack,Surakarta,100+ terjual,4.9
Kerupuk Seblak Kering Putih Ngembang Khas Keripik Pojok Riki Mang Odod,Rp13.999,Keripik Edun Bandung,Kab. Bandung,30+ terjual,5.0
"Seblak Rafael, Seblak Coet Instan Halal",Rp23.750,Brother Meat Shop,Depok,500+ terjual,4.9
Seblak Rafael/Seblak Coet Instan Halal,Rp26.600,Foodstocks,Jakarta Selatan,60+ terjual,5.0
Seblak RAFAEL | Seblak MAMANG RAFAEL | Seblak Viral ORIGINAL TATANGGA,Rp39.500,Beauty DELUXE,Jakarta Barat,40+ terjual,4.9
Kerupuk SEBLAK MAWAR Rafael - Cikruh Daun Jeruk,Rp20.000,KRIUK JAYA,Jakarta Barat,40+ terjual,4.9
Gelifood Seblak Instan Kerupuk Mawar Bumbu Kencur Rafael Pedas Gurih,Rp15.000,Lidigeli,Kab. Garut,250+ terjual,4.8
"Seblak Rafael, Seblak Coet Instan Halal",Rp23.750,Brother Meat Shop,Depok,500+ terjual,4.9
Seblak Rafael/Seblak Coet Instan Halal,Rp26.600,Foodstocks,Jakarta Selatan,60+ terjual,5.0
SEBLAK INSTANT TERMURAH,Rp4.450,Pusat Cuankie & Cemilan Frozen,Jakarta Timur,10rb+ terjual,4.8
Seblak Instan Pedas Home Made,Rp3.500,the Dhecip,Tangerang Selatan,3rb+ terjual,4.9
"Kylafood Seblak Rempah Autentik 115gr, Seblak Instan Halal",Rp9.900,Brother Meat Shop,Depok,100+ terjual,5.0
[250 gr] Kerupuk Seblak Pedas,Rp11.500,CamilanJati,Kab. Sidoarjo,50+ terjual,5.0
Gelifood Seblak Instan Kerupuk Mawar Bumbu Kencur Rafael Pedas Gurih,Rp15.000,Lidigeli,Kab. Garut,250+ terjual,4.8
Geli Food Seblak Ceker Tanpa Tulang Super Pedas 180gr,Rp24.000,Lidigeli,Kab. Garut,100+ terjual,4.8
Seblak Instan Komplit Pedas Gurih Nikmat,Rp5.999,Baso Aci Ayang,Kab. Garut,3rb+ terjual,4.9
Seblak Instan Pedas Home Made,Rp3.500,the Dhecip,Tangerang Selatan,3rb+ terjual,4.9
Kylafood Seblak Original,Rp15.750,kylafood,Bandung,10rb+ terjual,4.9
Geli Food Seblak Ceker Tanpa Tulang Super Pedas 180gr,Rp24.000,Lidigeli,Kab. Garut,100+ terjual,4.8
Seblak Rafael/Seblak Coet Instan Halal,Rp26.600,Foodstocks,Jakarta Selatan,60+ terjual,5.0
Seblak Instan Kenyang Murah Asli Bandung Reseller Tanpa Pengawet - Original,Rp7.138,Berkah Food Bandung,Cimahi,7rb+ terjual,4.9
SEBLAK INSTAN MOMMY,Rp13.900,Rav Jaya Display,Kab. Tangerang,1rb+ terjual,4.8
Seblak Cuanki,Rp13.000,AWL Seblak Instan,Kab. Bogor,60+ terjual,5.0
Seblak Rafael Original Asli 100% (Ready Stock) seblak coet @rafaeltan,Rp38.000,Eldenta Shop,Surabaya,50+ terjual,5.0
"Basreng 100 gram Ori, Seblak, Pedas Manis, Super Pedas isi 100gr",Rp7.599,Grosir Besar Kalimantan,Banjarbaru,11 terjual,5.0
Sabring kerupuk seblak pedas gurih,Rp3.000,RIKI STORE 97,Kab. Bogor,100+ terjual,4.9
KERUPUK SEBLAK 1KG / KRUPUK SEBLAK DAUN JERUK / SEBLAK PEDAS,Rp36.900,Dapur Sehat21,Kab. Bandung,40+ terjual,4.5
"Seblak Rafael, Seblak Coet Instan Halal",Rp23.750,Brother Meat Shop,Depok,500+ terjual,4.9
Seblak Rafael/Seblak Coet Instan Halal,Rp26.600,Foodstocks,Jakarta Selatan,60+ terjual,5.0
Seblak Instan Pedas Home Made,Rp3.500,the Dhecip,Tangerang Selatan,3rb+ terjual,4.9
SEBLAK INSTANT TERMURAH,Rp4.450,Pusat Cuankie & Cemilan Frozen,Jakarta Timur,10rb+ terjual,4.8
"Kylafood Seblak Rempah Autentik 115gr, Seblak Instan Halal",Rp9.900,Brother Meat Shop,Depok,100+ terjual,5.0
KERUPUK SEBLAK PEDAS / KRUPUK SEBLAK KERING DAUN JERUK PEDES,Rp25.000,LEGIT SNACK,Jakarta Barat,70+ terjual,4.9
Kerupuk Seblak / Seblak / Kering Pedas /,Rp10.000,Anggris store,Kab. Bogor,50+ terjual,4.8
"seblak kering pedas 250 gr/seblak kencur/kerupuk seblak,enak dan gurih",Rp9.999,aghniya,Tangerang Selatan,500+ terjual,4.8
SEBRING KRUPUK KERUPUK SEBLAK KERING PEDAS DAUN JERUK 1KG CABE ASLI,Rp16.000,Aydaa Snack,Surakarta,100+ terjual,4.9
Kerupuk Seblak Kering Putih Ngembang Khas Keripik Pojok Riki Mang Odod,Rp13.999,Keripik Edun Bandung,Kab. Bandung,30+ terjual,5.0
"Seblak Rafael, Seblak Coet Instan Halal",Rp23.750,Brother Meat Shop,Depok,500+ terjual,4.9
Seblak Rafael/Seblak Coet Instan Halal,Rp26.600,Foodstocks,Jakarta Selatan,60+ terjual,5.0
Seblak RAFAEL | Seblak MAMANG RAFAEL | Seblak Viral ORIGINAL TATANGGA,Rp39.500,Beauty DELUXE,Jakarta Barat,40+ terjual,4.9
Kerupuk SEBLAK MAWAR Rafael - Cikruh Daun Jeruk,Rp20.000,KRIUK JAYA,Jakarta Barat,40+ terjual,4.9
Gelifood Seblak Instan Kerupuk Mawar Bumbu Kencur Rafael Pedas Gurih,Rp15.000,Lidigeli,Kab. Garut,250+ terjual,4.8
"Seblak Rafael, Seblak Coet Instan Halal",Rp23.750,Brother Meat Shop,Depok,500+ terjual,4.9
Seblak Rafael/Seblak Coet Instan Halal,Rp26.600,Foodstocks,Jakarta Selatan,60+ terjual,5.0
SEBLAK INSTANT TERMURAH,Rp4.450,Pusat Cuankie & Cemilan Frozen,Jakarta Timur,10rb+ terjual,4.8
Seblak Instan Pedas Home Made,Rp3.500,the Dhecip,Tangerang Selatan,3rb+ terjual,4.9
"Kylafood Seblak Rempah Autentik 115gr, Seblak Instan Halal",Rp9.900,Brother Meat Shop,Depok,100+ terjual,5.0
[250 gr] Kerupuk Seblak Pedas,Rp11.500,CamilanJati,Kab. Sidoarjo,50+ terjual,5.0
Gelifood Seblak Instan Kerupuk Mawar Bumbu Kencur Rafael Pedas Gurih,Rp15.000,Lidigeli,Kab. Garut,250+ terjual,4.8
Geli Food Seblak Ceker Tanpa Tulang Super Pedas 180gr,Rp24.000,Lidigeli,Kab. Garut,100+ terjual,4.8
Seblak Instan Komplit Pedas Gurih Nikmat,Rp5.999,Baso Aci Ayang,Kab. Garut,3rb+ terjual,4.9
Seblak Instan Pedas Home Made,Rp3.500,the Dhecip,Tangerang Selatan,3rb+ terjual,4.9
Bumbu Seblak 200 g Dengan Kerupuk,Rp34.980,MSH Rempah,Jakarta Selatan,80+ terjual,5.0
cuanki pangsit segitiga atau cipet isi 40 pcs toping seblak baso aci,Rp13.999,CUANKI CULAMETAN,Kab. Garut,100+ terjual,4.8
Pasar Keripik Kerupuk Seblak Mawar Mini Pedas size Besar,Rp28.500,Pasar Keripik Bandung,Bandung,21 terjual,5.0
Seblak Merah Pedas / Kerupuk Bawang Oleh Oleh Bandung Odjolali,Rp9.000,The Little Snacks,Tangerang Selatan,500+ terjual,4.9
Kerupuk Seblak Jeruk,Rp14.000,oke snack,Jakarta Selatan,250+ terjual,4.9
250gram kerupuk mentah seblak rafael,Rp6.000,Agenkerupuk99,Surabaya,30+ terjual,5.0
Seblak ceker pedas dua putra,Rp9.950,Toko Butong Grosir,Serang,8 terjual,5.0
"Toping Seblak Baso Aci PAKET MIX 100pcs Cuanki Lidah, Siomay dan Baso",Rp28.210,gaiagarut,Kab. Garut,500+ terjual,4.9
Seblak Instant Pedas,Rp9.800,Gadsa Online Shop,Tangerang Selatan,80+ terjual,5.0
Seblak Koin Warna Odjolali Snack,Rp11.900,Odjolali Snack,Bandung,100+ terjual,5.0
"Seblak Rafael, Seblak Coet Instan Halal",Rp23.750,Brother Meat Shop,Depok,500+ terjual,4.9
Seblak Rafael/Seblak Coet Instan Halal,Rp26.600,Foodstocks,Jakarta Selatan,60+ terjual,5.0
Seblak Instan Pedas Home Made,Rp3.500,the Dhecip,Tangerang Selatan,3rb+ terjual,4.9
SEBLAK INSTANT TERMURAH,Rp4.450,Pusat Cuankie & Cemilan Frozen,Jakarta Timur,10rb+ terjual,4.8
"Kylafood Seblak Rempah Autentik 115gr, Seblak Instan Halal",Rp9.900,Brother Meat Shop,Depok,100+ terjual,5.0
KERUPUK SEBLAK PEDAS / KRUPUK SEBLAK KERING DAUN JERUK PEDES,Rp25.000,LEGIT SNACK,Jakarta Barat,70+ terjual,4.9
Kerupuk Seblak / Seblak / Kering Pedas /,Rp10.000,Anggris store,Kab. Bogor,50+ terjual,4.8
"seblak kering pedas 250 gr/seblak kencur/kerupuk seblak,enak dan gurih",Rp9.999,aghniya,Tangerang Selatan,500+ terjual,4.8
SEBRING KRUPUK KERUPUK SEBLAK KERING PEDAS DAUN JERUK 1KG CABE ASLI,Rp16.000,Aydaa Snack,Surakarta,100+ terjual,4.9
Kerupuk Seblak Kering Putih Ngembang Khas Keripik Pojok Riki Mang Odod,Rp13.999,Keripik Edun Bandung,Kab. Bandung,30+ terjual,5.0
"Seblak Rafael, Seblak Coet Instan Halal",Rp23.750,Brother Meat Shop,Depok,500+ terjual,4.9
Seblak Rafael/Seblak Coet Instan Halal,Rp26.600,Foodstocks,Jakarta Selatan,60+ terjual,5.0
Seblak RAFAEL | Seblak MAMANG RAFAEL | Seblak Viral ORIGINAL TATANGGA,Rp39.500,Beauty DELUXE,Jakarta Barat,40+ terjual,4.9
Kerupuk SEBLAK MAWAR Rafael - Cikruh Daun Jeruk,Rp20.000,KRIUK JAYA,Jakarta Barat,40+ terjual,4.9
Gelifood Seblak Instan Kerupuk Mawar Bumbu Kencur Rafael Pedas Gurih,Rp15.000,Lidigeli,Kab. Garut,250+ terjual,4.8
"Seblak Rafael, Seblak Coet Instan Halal",Rp23.750,Brother Meat Shop,Depok,500+ terjual,4.9
Seblak Rafael/Seblak Coet Instan Halal,Rp26.600,Foodstocks,Jakarta Selatan,60+ terjual,5.0
SEBLAK INSTANT TERMURAH,Rp4.450,Pusat Cuankie & Cemilan Frozen,Jakarta Timur,10rb+ terjual,4.8
Seblak Instan Pedas Home Made,Rp3.500,the Dhecip,Tangerang Selatan,3rb+ terjual,4.9
"Kylafood Seblak Rempah Autentik 115gr, Seblak Instan Halal",Rp9.900,Brother Meat Shop,Depok,100+ terjual,5.0
[250 gr] Kerupuk Seblak Pedas,Rp11.500,CamilanJati,Kab. Sidoarjo,50+ terjual,5.0
Gelifood Seblak Instan Kerupuk Mawar Bumbu Kencur Rafael Pedas Gurih,Rp15.000,Lidigeli,Kab. Garut,250+ terjual,4.8
Geli Food Seblak Ceker Tanpa Tulang Super Pedas 180gr,Rp24.000,Lidigeli,Kab. Garut,100+ terjual,4.8
Seblak Instan Komplit Pedas Gurih Nikmat,Rp5.999,Baso Aci Ayang,Kab. Garut,3rb+ terjual,4.9
Seblak Instan Pedas Home Made,Rp3.500,the Dhecip,Tangerang Selatan,3rb+ terjual,4.9
"Kerupuk Seblak Pedas 100 Gram, Kerupuk Seblak Daun Jeruk Gurih Renyah",Rp22.688,Nion.Nion_Official,Tangerang Selatan,24 terjual,4.3
Soun Seblak Geprek SAMI RAOS Khas Garut - Soun Seblak,Rp18.900,Foodstocks,Jakarta Selatan,50+ terjual,4.9
KERUPUK SEBLAK ORIGINAL Helda's Snack Ori Khas Bandung,Rp22.000,Helda's Snack,Bekasi,28 terjual,5.0
Seblak Tulang Rawan k.y.l Kylafood (Spesial Panen Telur),Rp24.225,kylafood,Bandung,50+ terjual,5.0
KERUPUK SEBLAK PEDAS DAUN JERUK / KRUPUK SEBLAK KERING / SEBLAK PEDES,Rp25.000,Innes Oleh Oleh,Jakarta Barat,2 terjual,
SEBLAK INSTAN KOMPLIT,Rp6.500,Vandiva Kuliner,Kab. Malang,8 terjual,5.0
Cuanki / Cuankie Lidah Topping Baso Aci / Seblak isi 20,Rp10.000,podorenelur,Bekasi,7 terjual,
KriCa (Keripik Kaca)/ Seblak Beling / Keripik Beling /Keripik singkong,Rp12.000,Garut Beunghar,Kab. Garut,40+ terjual,5.0
Kerupuk Seblak Pedas 200gr,Rp12.250,Utama.Snack,Surabaya,750+ terjual,4.9
Kylafood Paket 2 Seblak Cup + 2 Basreng pedas,Rp47.260,kylafood,Bandung,3 terjual,5.0
"Seblak Rafael, Seblak Coet Instan Halal",Rp23.750,Brother Meat Shop,Depok,500+ terjual,4.9
Seblak Rafael/Seblak Coet Instan Halal,Rp26.600,Foodstocks,Jakarta Selatan,60+ terjual,5.0
Seblak Instan Pedas Home Made,Rp3.500,the Dhecip,Tangerang Selatan,3rb+ terjual,4.9
SEBLAK INSTANT TERMURAH,Rp4.450,Pusat Cuankie & Cemilan Frozen,Jakarta Timur,10rb+ terjual,4.8
"Kylafood Seblak Rempah Autentik 115gr, Seblak Instan Halal",Rp9.900,Brother Meat Shop,Depok,100+ terjual,5.0
KERUPUK SEBLAK PEDAS / KRUPUK SEBLAK KERING DAUN JERUK PEDES,Rp25.000,LEGIT SNACK,Jakarta Barat,70+ terjual,4.9
Kerupuk Seblak / Seblak / Kering Pedas /,Rp10.000,Anggris store,Kab. Bogor,50+ terjual,4.8
"seblak kering pedas 250 gr/seblak kencur/kerupuk seblak,enak dan gurih",Rp9.999,aghniya,Tangerang Selatan,500+ terjual,4.8
SEBRING KRUPUK KERUPUK SEBLAK KERING PEDAS DAUN JERUK 1KG CABE ASLI,Rp16.000,Aydaa Snack,Surakarta,100+ terjual,4.9
Kerupuk Seblak Kering Putih Ngembang Khas Keripik Pojok Riki Mang Odod,Rp13.999,Keripik Edun Bandung,Kab. Bandung,30+ terjual,5.0
"Seblak Rafael, Seblak Coet Instan Halal",Rp23.750,Brother Meat Shop,Depok,500+ terjual,4.9
Seblak Rafael/Seblak Coet Instan Halal,Rp26.600,Foodstocks,Jakarta Selatan,60+ terjual,5.0
Seblak RAFAEL | Seblak MAMANG RAFAEL | Seblak Viral ORIGINAL TATANGGA,Rp39.500,Beauty DELUXE,Jakarta Barat,40+ terjual,4.9
Kerupuk SEBLAK MAWAR Rafael - Cikruh Daun Jeruk,Rp20.000,KRIUK JAYA,Jakarta Barat,40+ terjual,4.9
Gelifood Seblak Instan Kerupuk Mawar Bumbu Kencur Rafael Pedas Gurih,Rp15.000,Lidigeli,Kab. Garut,250+ terjual,4.8
"Seblak Rafael, Seblak Coet Instan Halal",Rp23.750,Brother Meat Shop,Depok,500+ terjual,4.9
Seblak Rafael/Seblak Coet Instan Halal,Rp26.600,Foodstocks,Jakarta Selatan,60+ terjual,5.0
SEBLAK INSTANT TERMURAH,Rp4.450,Pusat Cuankie & Cemilan Frozen,Jakarta Timur,10rb+ terjual,4.8
Seblak Instan Pedas Home Made,Rp3.500,the Dhecip,Tangerang Selatan,3rb+ terjual,4.9
"Kylafood Seblak Rempah Autentik 115gr, Seblak Instan Halal",Rp9.900,Brother Meat Shop,Depok,100+ terjual,5.0
[250 gr] Kerupuk Seblak Pedas,Rp11.500,CamilanJati,Kab. Sidoarjo,50+ terjual,5.0
Gelifood Seblak Instan Kerupuk Mawar Bumbu Kencur Rafael Pedas Gurih,Rp15.000,Lidigeli,Kab. Garut,250+ terjual,4.8
Geli Food Seblak Ceker Tanpa Tulang Super Pedas 180gr,Rp24.000,Lidigeli,Kab. Garut,100+ terjual,4.8
Seblak Instan Komplit Pedas Gurih Nikmat,Rp5.999,Baso Aci Ayang,Kab. Garut,3rb+ terjual,4.9
Seblak Instan Pedas Home Made,Rp3.500,the Dhecip,Tangerang Selatan,3rb+ terjual,4.9
